{
  "project_info": {
    "project_number": "405874890341",
    "firebase_url": "https://rasbebe-1205.firebaseio.com",
    "project_id": "rasbebe-1205",
    "storage_bucket": "rasbebe-1205.appspot.com"
  },
  "client": [
    {
      "client_info": {
        "mobilesdk_app_id": "1:405874890341:android:a17db326de1fc423",
        "android_client_info": {
          "package_name": "com.example.a8304_7.rasbebe"
        }
      },
      "oauth_client": [
        {
          "client_id": "405874890341-tgt3hde1esqeofimgkm39rachc20edfq.apps.googleusercontent.com",
          "client_type": 3
        }
      ],
      "api_key": [
        {
          "current_key": "AIzaSyCIEz7ikYaZrWV4NdlUHx12O1_Afi6KytU"
        }
      ],
      "services": {
        "analytics_service": {
          "status": 1
        },
        "appinvite_service": {
          "status": 1,
          "other_platform_oauth_client": []
        },
        "ads_service": {
          "status": 2
        }
      }
    },
    {
      "client_info": {
        "mobilesdk_app_id": "1:405874890341:android:07c502c9e4b0b753",
        "android_client_info": {
          "package_name": "com.example.a8306_24.myapplication"
        }
      },
      "oauth_client": [
        {
          "client_id": "405874890341-4b4egdgvkbpn63td4scbpon3u696vo1e.apps.googleusercontent.com",
          "client_type": 1,
          "android_info": {
            "package_name": "com.example.a8306_24.myapplication",
            "certificate_hash": "69a53a0334f458e30ad937abd1a3a079d0e7e0cc"
          }
        },
        {
          "client_id": "405874890341-tgt3hde1esqeofimgkm39rachc20edfq.apps.googleusercontent.com",
          "client_type": 3
        }
      ],
      "api_key": [
        {
          "current_key": "AIzaSyCIEz7ikYaZrWV4NdlUHx12O1_Afi6KytU"
        }
      ],
      "services": {
        "analytics_service": {
          "status": 1
        },
        "appinvite_service": {
          "status": 2,
          "other_platform_oauth_client": [
            {
              "client_id": "405874890341-tgt3hde1esqeofimgkm39rachc20edfq.apps.googleusercontent.com",
              "client_type": 3
            }
          ]
        },
        "ads_service": {
          "status": 2
        }
      }
    }
  ],
  "configuration_version": "1"
}